{"cameraMode":{"drawMode":0,"name":"Shaded","section":"Shading Mode"},"sceneLighting":false,"audioPlay":false,"sceneViewState":{"showFog":true,"showMaterialUpdate":false,"showSkybox":true,"showFlares":true,"showImageEffects":true,"showParticleSystems":true},"in2DMode":false,"pivot":{"x":1.1920928955078126e-7,"y":0.10849612206220627,"z":-1.1920928955078126e-7},"rotation":{"x":-0.09632473438978195,"y":0.27857133746147158,"z":-0.028092781081795694,"w":-0.9551599025726318},"size":4.18960428237915,"orthographic":false}